Name,Source,Region,Phone,Description,Location,Working_Hours,Latitude,Longitude,Scraped_Date,Beds,Staff_Count
Abdel Kader Fahmy Hospital,Wikipedia,Cairo,N/A,General Hospital,Greater Cairo Region,24/7,30.13854879,31.27928658,12/5/2025,240,261
Adam International Hospital (IVF&ICSI),Wikipedia,Cairo,N/A,General Hospital,Greater Cairo Region,24/7,29.98085827,31.46309482,12/5/2025,240,261
"Ain Shams Specialized Hospital, Abbasia",Wikipedia,Cairo,N/A,General Hospital,Greater Cairo Region,24/7,30.3389422,31.07003097,12/5/2025,240,261
Ain Shams University Hospital (El Demerdash),Wikipedia,Cairo,N/A,General Hospital,Greater Cairo Region,24/7,30.22725172,31.4634943,12/5/2025,240,261
Al Salam Hospital,Wikipedia,Cairo,N/A,General Hospital,Greater Cairo Region,24/7,30.07555681,31.1634293,12/5/2025,240,261
Alzahra Hospital,Wikipedia,Cairo,N/A,General Hospital,Greater Cairo Region,24/7,30.36136754,31.46834641,12/5/2025,240,261
As Salam International Hospital of Alameda Health Care,Wikipedia,Cairo,N/A,General Hospital,Greater Cairo Region,24/7,30.49355993,31.29399195,12/5/2025,240,261
Amoun Hospital,Wikipedia,Cairo,N/A,General Hospital,Greater Cairo Region,24/7,30.15996675,31.40371488,12/5/2025,240,261
Asyout University Hospital,Wikipedia,Cairo,N/A,General Hospital,Greater Cairo Region,24/7,29.94182265,31.46120185,12/5/2025,240,261
"Behman Hospital, Maddi",Wikipedia,Cairo,N/A,General Hospital,Greater Cairo Region,24/7,30.26585314,31.33946091,12/5/2025,240,261
"Cleopatra Hospital, Heliopolis",Wikipedia,Cairo,N/A,General Hospital,Greater Cairo Region,24/7,30.47007614,31.23437702,12/5/2025,240,261
Coptic Hospital,Wikipedia,Cairo,N/A,General Hospital,Greater Cairo Region,24/7,30.47160671,31.12395571,12/5/2025,240,261
Dar Al Fouad Hospital,Wikipedia,Cairo,N/A,General Hospital,Greater Cairo Region,24/7,30.40357278,31.32130057,12/5/2025,240,261
"Dar el Hekma Hospital, Nasr City",Wikipedia,Cairo,N/A,General Hospital,Greater Cairo Region,24/7,30.16197817,31.42238295,12/5/2025,240,261
Dar el Salam General Hospital,Wikipedia,Cairo,N/A,General Hospital,Greater Cairo Region,24/7,30.09549462,31.16835887,12/5/2025,240,261
Dar el Oyoun Hospital,Wikipedia,Cairo,N/A,General Hospital,Greater Cairo Region,24/7,30.36222168,31.36739153,12/5/2025,240,261
Dar El Shefa Hospital,Wikipedia,Cairo,N/A,General Hospital,Greater Cairo Region,24/7,30.05717883,31.44077709,12/5/2025,240,261
Demerdash Hospital,Wikipedia,Cairo,N/A,General Hospital,Greater Cairo Region,24/7,30.4099512,31.46495104,12/5/2025,240,261
El Borg Hospital,Wikipedia,Cairo,N/A,General Hospital,Greater Cairo Region,24/7,30.29000488,3129508,12/5/2025,240,261
El Fayrouz Hospital,Wikipedia,Cairo,N/A,General Hospital,Greater Cairo Region,24/7,30.27732771,31.4750452,12/5/2025,240,261
El Ganzouri Specialized Hospital,Wikipedia,Cairo,N/A,General Hospital,Greater Cairo Region,24/7,30.04634993,31.12105951,12/5/2025,240,261
El Galaa Hospital,Wikipedia,Cairo,N/A,General Hospital,Greater Cairo Region,24/7,29.99529731,31.43474357,12/5/2025,240,261
El Gomhoureyaa Hospital,Wikipedia,Cairo,N/A,General Hospital,Greater Cairo Region,24/7,29.94533196,31.19288486,12/5/2025,240,261
El Kablat Hospital,Wikipedia,Cairo,N/A,General Hospital,Greater Cairo Region,24/7,30.25644016,31.42972392,12/5/2025,240,261
El Kateb,Wikipedia,Cairo,N/A,General Hospital,Greater Cairo Region,24/7,30.18410752,31.15585179,12/5/2025,240,261
El Madina Hospital,Wikipedia,Cairo,N/A,General Hospital,Greater Cairo Region,24/7,30.31492742,31.18900025,12/5/2025,240,261
El Merghany Hospital,Wikipedia,Cairo,N/A,General Hospital,Greater Cairo Region,24/7,30.25313461,31.05947229,12/5/2025,240,261
El Mobarra Maadi Hospital,Wikipedia,Cairo,N/A,General Hospital,Greater Cairo Region,24/7,30.3052772,31.13370595,12/5/2025,240,261
El Monera General Hospital,Wikipedia,Cairo,N/A,General Hospital,Greater Cairo Region,24/7,30.26166903,31.45815175,12/5/2025,240,261
El Nada Maternity Hospital,Wikipedia,Cairo,N/A,General Hospital,Greater Cairo Region,24/7,30.28736329,31.04604265,12/5/2025,240,261
"El Nozha International Hospital, Heliopolis",Wikipedia,Cairo,N/A,General Hospital,Greater Cairo Region,24/7,30.48989441,31.04448451,12/5/2025,240,261
El Salam Hospital El Haram,Wikipedia,Cairo,N/A,General Hospital,Greater Cairo Region,24/7,30.46752718,31.14643017,12/5/2025,240,261
El Safa Hospital,Wikipedia,Cairo,N/A,General Hospital,Greater Cairo Region,24/7,30.05687148,31.47766768,12/5/2025,240,261
El Shoruk Hospital,Wikipedia,Cairo,N/A,General Hospital,Greater Cairo Region,24/7,30.18541119,31.27381609,12/5/2025,240,261
El Tawfiaiia Hospital,Wikipedia,Cairo,N/A,General Hospital,Greater Cairo Region,24/7,30.18790497,31.41266251,12/5/2025,240,261
Ebtihag Shafik Hospital,Wikipedia,Cairo,N/A,General Hospital,Greater Cairo Region,24/7,30.23098491,31.27412977,12/5/2025,240,261
Gohar Hospital & Women's Health Clinic,Wikipedia,Cairo,N/A,General Hospital,Greater Cairo Region,24/7,30.29185003,31.39581599,12/5/2025,240,261
Garden City Hospital,Wikipedia,Cairo,N/A,General Hospital,Greater Cairo Region,24/7,30.45100187,31.31583037,12/5/2025,240,261
Hassabo International Hospital,Wikipedia,Cairo,N/A,General Hospital,Greater Cairo Region,24/7,30.08576095,31.19158741,12/5/2025,240,261
Hussein University Hospital,Wikipedia,Cairo,N/A,General Hospital,Greater Cairo Region,24/7,30.30420589,31.11820941,12/5/2025,240,261
"Ibn Sina Hospital (Egypt), Dokki",Wikipedia,Giza,N/A,General Hospital,Greater Cairo Region,24/7,29.99920696,31.12778346,12/5/2025,240,261
Italian Hospital Cairo,Wikipedia,Cairo,N/A,General Hospital,Greater Cairo Region,24/7,30.25247839,31.27586849,12/5/2025,240,261
Greek Hospital Cairo,Wikipedia,Cairo,N/A,General Hospital,Greater Cairo Region,24/7,29.95820822,31.24321156,12/5/2025,240,261
Kasralainy Hospital,Wikipedia,Cairo,N/A,General Hospital,Greater Cairo Region,24/7,30.4684988,31.09878135,12/5/2025,240,261
Misr El Amal Hospital,Wikipedia,Cairo,N/A,General Hospital,Greater Cairo Region,24/7,30.44345801,31.46603649,12/5/2025,240,261
Nasser General Hospital,Wikipedia,Cairo,N/A,General Hospital,Greater Cairo Region,24/7,30.049775,31.40855578,12/5/2025,240,261
New Kasr El Aini Hospital,Wikipedia,Cairo,N/A,General Hospital,Greater Cairo Region,24/7,30.29525755,31.15922802,12/5/2025,240,261
New Cairo Hospital,Wikipedia,Cairo,N/A,General Hospital,Greater Cairo Region,24/7,30.14714202,31.21770996,12/5/2025,240,261
Nile Badrawi Hospital,Wikipedia,Cairo,N/A,General Hospital,Greater Cairo Region,24/7,29.9972153,31.45581415,12/5/2025,240,261
October 6 University (O6U) Hospital,Wikipedia,Cairo,N/A,General Hospital,Greater Cairo Region,24/7,30.11869354,31.26975936,12/5/2025,240,261
Roxy Hospital,Wikipedia,Cairo,N/A,General Hospital,Greater Cairo Region,24/7,30.30149816,31.38363552,12/5/2025,240,261
Saudi German Hospital SGH Cairo (150 Beds General Hospital),Wikipedia,Cairo,N/A,General Hospital,Greater Cairo Region,24/7,30.02160564,31.35565589,12/5/2025,240,261
Sheikh Zayed specialized Hospital,Wikipedia,Cairo,N/A,General Hospital,Greater Cairo Region,24/7,30.31160014,31.07952967,12/5/2025,240,261
Watany Eye Hospitals,Wikipedia,Cairo,N/A,General Hospital,Greater Cairo Region,24/7,30.15361916,31.47152893,12/5/2025,240,261
Zahraa University Hospital,Wikipedia,Cairo,N/A,General Hospital,Greater Cairo Region,24/7,30.49267035,31.2056509,12/5/2025,240,261
Zohairy Hospital,Wikipedia,Cairo,N/A,General Hospital,Greater Cairo Region,24/7,30.35275232,31.1516938,12/5/2025,240,261
"Agial Hospital (Assisted Reproduction), Gynecologic Endoscopy, Obstetrics & Gynecology, NICU)",Wikipedia,Cairo,N/A,General Hospital,Greater Cairo Region,24/7,30.20143255,31.16863296,12/5/2025,240,261
Alexandria University Hospitals:,Wikipedia,Cairo,N/A,General Hospital,Greater Cairo Region,24/7,29.91868119,31.4016633,12/5/2025,240,261
Borg El Arab University Hospital,Wikipedia,Cairo,N/A,General Hospital,Greater Cairo Region,24/7,30.19118194,31.42319656,12/5/2025,240,261
"Alexandria Main University hospital (El Meery, Koleyet El Teb)",Wikipedia,Cairo,N/A,General Hospital,Greater Cairo Region,24/7,30.20494323,31.49897547,12/5/2025,240,261
El Hadara (Queen Nariman Hospital) for Orthopaedics and Neuropsychiatry,Wikipedia,Cairo,N/A,General Hospital,Greater Cairo Region,24/7,30.35228766,31.24496057,12/5/2025,240,261
Al Salama Al jadeeda Hospital,Wikipedia,Cairo,N/A,General Hospital,Greater Cairo Region,24/7,30.38170556,31.10779422,12/5/2025,240,261
Agial Hospital,Wikipedia,Cairo,N/A,General Hospital,Greater Cairo Region,24/7,30.14220006,31.2985664,12/5/2025,240,261
Badrawy Hospital,Wikipedia,Cairo,N/A,General Hospital,Greater Cairo Region,24/7,30.03746661,31.31495683,12/5/2025,240,261
Coptic Hospital,Wikipedia,Cairo,N/A,General Hospital,Greater Cairo Region,24/7,30.02402659,31.47987165,12/5/2025,240,261
Dar ELAraby Maternity Hospital,Wikipedia,Cairo,N/A,General Hospital,Greater Cairo Region,24/7,30.11196137,31.39061731,12/5/2025,240,261
Dr. Hassab Hospital,Wikipedia,Cairo,N/A,General Hospital,Greater Cairo Region,24/7,30.37163344,31.38482303,12/5/2025,240,261
Al Helal Al Ahmar Hospital,Wikipedia,Cairo,N/A,General Hospital,Greater Cairo Region,24/7,30.04093107,31.07513987,12/5/2025,240,261
El Ma'moora Psychiatry Hospital,Wikipedia,Cairo,N/A,General Hospital,Greater Cairo Region,24/7,30.31924667,31.38941991,12/5/2025,240,261
El Maleka Nazly Paediatric Hospital,Wikipedia,Cairo,N/A,General Hospital,Greater Cairo Region,24/7,30.41273542,31.11669213,12/5/2025,240,261
El Seguini (El Sammak Hospital),Wikipedia,Cairo,N/A,General Hospital,Greater Cairo Region,24/7,30.2292513,31.30851775,12/5/2025,240,261
Farook Ophthalmology Hospital,Wikipedia,Cairo,N/A,General Hospital,Greater Cairo Region,24/7,30.03150835,31.07984452,12/5/2025,240,261
German Hospital,Wikipedia,Cairo,N/A,General Hospital,Greater Cairo Region,24/7,29.95871284,31.10285074,12/5/2025,240,261
Gamal Abdel Nasser Hospital,Wikipedia,Cairo,N/A,General Hospital,Greater Cairo Region,24/7,30.25225388,31.03612223,12/5/2025,240,261
Saudi German Hospital (SGH),Wikipedia,Cairo,N/A,General Hospital,Greater Cairo Region,24/7,30.11035593,31.18956507,12/5/2025,240,261
Victoria Hospital,Wikipedia,Cairo,N/A,General Hospital,Greater Cairo Region,24/7,30.34000886,31.09199853,12/5/2025,240,261
Hassab Hospital,Wikipedia,Cairo,N/A,General Hospital,Greater Cairo Region,24/7,29.93202309,31.21122739,12/5/2025,240,261
Victorya Hospital,Wikipedia,Cairo,N/A,General Hospital,Greater Cairo Region,24/7,30.35062295,31.38892541,12/5/2025,240,261
Siklam Hospital,Wikipedia,Cairo,N/A,General Hospital,Greater Cairo Region,24/7,30.05204725,31.10593078,12/5/2025,240,261
Alkawther Hospital,Wikipedia,Cairo,N/A,General Hospital,Greater Cairo Region,24/7,29.93464027,31.38668549,12/5/2025,240,261
The Egyptian Hospital,Wikipedia,Cairo,N/A,General Hospital,Greater Cairo Region,24/7,30.25994089,31.49720687,12/5/2025,240,261
Red Sea Hospital,Wikipedia,Cairo,N/A,General Hospital,Greater Cairo Region,24/7,30.17171037,31.13658364,12/5/2025,240,261
Port Ghalib Hospital,Wikipedia,Cairo,N/A,General Hospital,Greater Cairo Region,24/7,30.21850833,31.02286921,12/5/2025,240,261
Mansoura University Hospitals,Wikipedia,Cairo,N/A,General Hospital,Greater Cairo Region,24/7,30.01628581,31.25820741,12/5/2025,240,261
Sharm International Hospital,Wikipedia,Cairo,N/A,General Hospital,Greater Cairo Region,24/7,30.14922734,31.34007144,12/5/2025,240,261
El Kenayate District Hospital,Wikipedia,Cairo,N/A,General Hospital,Greater Cairo Region,24/7,30.11022318,31.35116931,12/5/2025,240,261
El Mabarah,Wikipedia,Cairo,N/A,General Hospital,Greater Cairo Region,24/7,30.17969512,31.47166779,12/5/2025,240,261
Chest Hospital (Egypt),Wikipedia,Cairo,N/A,General Hospital,Greater Cairo Region,24/7,30.05312749,31.35108562,12/5/2025,240,261
Fever Hospital,Wikipedia,Cairo,N/A,General Hospital,Greater Cairo Region,24/7,30.23833448,31.14054201,12/5/2025,240,261
Ophthalmic Hospital,Wikipedia,Cairo,N/A,General Hospital,Greater Cairo Region,24/7,30.35300644,31.16239294,12/5/2025,240,261
Fatih MediPlex Hospital,Wikipedia,Cairo,N/A,General Hospital,Greater Cairo Region,24/7,30.2231793,31.06302749,12/5/2025,240,261
Al Haramain Specialized Hospital,Wikipedia,Cairo,N/A,General Hospital,Greater Cairo Region,24/7,29.97616865,31.26852248,12/5/2025,240,261
Anwar Al Haramain Hospital,Wikipedia,Cairo,N/A,General Hospital,Greater Cairo Region,24/7,30.09141067,31.1965874,12/5/2025,240,261
Al Taisseir Specialized Hospital,Wikipedia,Cairo,N/A,General Hospital,Greater Cairo Region,24/7,30.3315034,31.27734653,12/5/2025,240,261
Al Nasr Hospital,Wikipedia,Cairo,N/A,General Hospital,Greater Cairo Region,24/7,29.92786319,31.48097763,12/5/2025,240,261
Al Goumhoria Hospital,Wikipedia,Cairo,N/A,General Hospital,Greater Cairo Region,24/7,30.16752823,31.1179919,12/5/2025,240,261
"Aldar Hospital, Zagazig",Wikipedia,Cairo,N/A,General Hospital,Greater Cairo Region,24/7,30.09517758,31.48446077,12/5/2025,240,261
El Delta Abdel Latif Hospital,Wikipedia,Cairo,N/A,General Hospital,Greater Cairo Region,24/7,30.16407455,31.16291821,12/5/2025,240,261
Alzakazik International Hospital,Wikipedia,Cairo,N/A,General Hospital,Greater Cairo Region,24/7,30.190616,31.31387602,12/5/2025,240,261
Al Obour Specialized Hospital,Wikipedia,Cairo,N/A,General Hospital,Greater Cairo Region,24/7,30.24125758,31.44369606,12/5/2025,240,261
Al Fatah Specialized Hospital,Wikipedia,Cairo,N/A,General Hospital,Greater Cairo Region,24/7,30.14059337,31.46820438,12/5/2025,240,261
Al Fredaws Specialized Hospital,Wikipedia,Cairo,N/A,General Hospital,Greater Cairo Region,24/7,29.98555051,31.32689339,12/5/2025,240,261
Al Forkan Specialized Hospital,Wikipedia,Cairo,N/A,General Hospital,Greater Cairo Region,24/7,30.43870981,31.09905956,12/5/2025,240,261
Al Montazah Specialized Hospital,Wikipedia,Cairo,N/A,General Hospital,Greater Cairo Region,24/7,30.29226576,31.23104463,12/5/2025,240,261
Al Nil Hospital,Wikipedia,Cairo,N/A,General Hospital,Greater Cairo Region,24/7,30.48900491,31.1411871,12/5/2025,240,261
Dr. Hamdy El Sayed Hospital,Wikipedia,Cairo,N/A,General Hospital,Greater Cairo Region,24/7,30.20512166,31.34583161,12/5/2025,240,261
Khater Specialized Hospital,Wikipedia,Cairo,N/A,General Hospital,Greater Cairo Region,24/7,30.30767322,31.2679229,12/5/2025,240,261
Saad Soliman Hospital,Wikipedia,Cairo,N/A,General Hospital,Greater Cairo Region,24/7,30.22074167,31.18066555,12/5/2025,240,261
Hemida Medical Center Hospital,Wikipedia,Cairo,N/A,General Hospital,Greater Cairo Region,24/7,30.11052741,31.39638176,12/5/2025,240,261
Makka Al Mokarrama Hospital,Wikipedia,Cairo,N/A,General Hospital,Greater Cairo Region,24/7,29.94660926,31.42085283,12/5/2025,240,261
Nour Al Eslam Hospital,Wikipedia,Cairo,N/A,General Hospital,Greater Cairo Region,24/7,30.29779987,31.40029712,12/5/2025,240,261
Waly For Surgery Hospital,Wikipedia,Cairo,N/A,General Hospital,Greater Cairo Region,24/7,30.42825571,31.04053992,12/5/2025,240,261
South Sinai Hospital,Wikipedia,Cairo,N/A,General Hospital,Greater Cairo Region,24/7,29.91310634,31.46092823,12/5/2025,240,261
Emergency – Istekbal,Wikipedia,Cairo,N/A,General Hospital,Greater Cairo Region,24/7,30.23575257,31.07946551,12/5/2025,240,261
General Medicine Hospital,Wikipedia,Cairo,N/A,General Hospital,Greater Cairo Region,24/7,30.21344704,31.40904504,12/5/2025,240,261
Specialized Medicine Hospital,Wikipedia,Cairo,N/A,General Hospital,Greater Cairo Region,24/7,29.99197628,31.05322032,12/5/2025,240,261
Mubarak Hospital,Wikipedia,Cairo,N/A,General Hospital,Greater Cairo Region,24/7,30.10801509,31.17245644,12/5/2025,240,261
New Surgery Hospital,Wikipedia,Cairo,N/A,General Hospital,Greater Cairo Region,24/7,30.40500822,31.05512554,12/5/2025,240,261
Socialized Surgery,Wikipedia,Cairo,N/A,General Hospital,Greater Cairo Region,24/7,30.07943673,31.43599162,12/5/2025,240,261
Tumor & Oncology Hospital,Wikipedia,Cairo,N/A,General Hospital,Greater Cairo Region,24/7,30.3895137,31.37830714,12/5/2025,240,261
Accidents & Trauma Hospital,Wikipedia,Cairo,N/A,General Hospital,Greater Cairo Region,24/7,30.03279659,31.28259931,12/5/2025,240,261
Economic Treatment – Iktessady,Wikipedia,Cairo,N/A,General Hospital,Greater Cairo Region,24/7,30.21706081,31.0830671,12/5/2025,240,261
"As Salam International Hospital, Corniche El Nile, Maadi",Wikipedia,Cairo,N/A,General Hospital,Greater Cairo Region,24/7,30.25692391,31.40173233,12/5/2025,240,261
Helal Hospital,Wikipedia,Cairo,N/A,General Hospital,Greater Cairo Region,24/7,30.4293733,31.43449011,12/5/2025,240,261
International Eye Hospital,Wikipedia,Cairo,N/A,General Hospital,Greater Cairo Region,24/7,30.12998153,31.20408221,12/5/2025,240,261
Rowad Eye Hospital,Wikipedia,Cairo,N/A,General Hospital,Greater Cairo Region,24/7,30.45841517,31.44004327,12/5/2025,240,261
Dar el Oyoun Eye Hospital,Wikipedia,Cairo,N/A,General Hospital,Greater Cairo Region,24/7,30.36091919,31.32524466,12/5/2025,240,261
Maghrabi Eye Hospital & Centers,Wikipedia,Cairo,N/A,General Hospital,Greater Cairo Region,24/7,30.09046783,31.06924253,12/5/2025,240,261
Mostafa Kamel Military Hospital,Wikipedia,Cairo,N/A,General Hospital,Greater Cairo Region,24/7,30.25519908,31.32595253,12/5/2025,240,261
Palestine Hospital (Long Term Care),Wikipedia,Cairo,N/A,General Hospital,Greater Cairo Region,24/7,30.03572473,31.20175937,12/5/2025,240,261
Boulaq Al,Wikipedia,Cairo,N/A,General Hospital,Greater Cairo Region,24/7,30.16299413,31.41478558,12/5/2025,240,261
Dar Al Fouad Hospital (Heart clinic and surgery),Wikipedia,Cairo,N/A,General Hospital,Greater Cairo Region,24/7,30.20797717,31.10267679,12/5/2025,240,261
Mohandessin Medical Center,N/A,Giza,201280749585,"Medical Center - Departments: Orthopedics, Surgery, Internal Medicine","Rehab, Giza, Greater Cairo",8:00 AM - 8:00 PM,30.0985,31.089,12/5/2025,114,141
El Shorouk General Hospital,N/A,Cairo,201228275624,"Teaching Hospital - Departments: Ophthalmology, Dentistry, Pharmacy","El Shorouk, Cairo, Greater Cairo",8:00 AM - 8:00 PM,30.1302,31.2931,12/5/2025,123,410
Zamalek Hospital,N/A,Giza,201626958053,"General Hospital - Departments: Pediatrics, Obstetrics, Anesthesia","Helwan, Giza, Greater Cairo",24/7 Emergency / 8:00 AM - 6:00 PM Outpatient,29.9844,31.1157,12/5/2025,464,468
Zamalek Private Clinic,N/A,Giza,201184774034,"Emergency Medical Center - Departments: Ophthalmology, Dentistry, Pharmacy","Zamalek, Giza, Greater Cairo",8:00 AM - 10:00 PM,30.0677,3104,12/5/2025,132,451
Toukh Hospital,N/A,El Qalyubia,201638027585,"General Hospital - Departments: ICU, Emergency, Trauma Center","Mahalla, El Qalyubia, Greater Cairo",8:00 AM - 8:00 PM,30.2562,31.247,12/5/2025,136,212
Al Haram Hospital,N/A,Giza,201233732150,"Emergency Medical Center - Departments: Neurology, Psychiatry, ENT","Rehab, Giza, Greater Cairo",9:00 AM - 5:00 PM,29.9706,31.0914,12/5/2025,294,50
October 6th Surgical Hospital,N/A,Giza,201278874893,"General Hospital - Departments: ICU, Emergency, Trauma Center","October 6th, Giza, Greater Cairo",8:00 AM - 8:00 PM,30.0444,31.167,12/5/2025,79,227
Maadi Private Clinic,N/A,Cairo,201622441699,"Specialized Hospital - Departments: Pediatrics, Obstetrics, Anesthesia","Maadi, Cairo, Greater Cairo",7:00 AM - 9:00 PM,30.1416,31.2834,12/5/2025,283,193
Dar Al Baraka Hospital,N/A,Cairo,201616079674,"General Hospital - Departments: Cardiology, Emergency Medicine, Oncology","Garden City, Cairo, Greater Cairo",7:00 AM - 9:00 PM,30.0692,31.2856,12/5/2025,157,90
El Shorouk Medical Center,N/A,Cairo,201025645629,"Teaching Hospital - Departments: Orthopedics, Surgery, Internal Medicine","El Shorouk, Cairo, Greater Cairo",9:00 AM - 5:00 PM,3072,31.2249,12/5/2025,353,60
New Giza Diagnostic Center,N/A,Giza,201193913439,"Diagnostic Center - Departments: Cardiology, Emergency Medicine, Oncology","New Giza, Giza, Greater Cairo",8:00 AM - 8:00 PM,29.9625,31.1364,12/5/2025,256,191
Dar Al Noor Hospital,N/A,Cairo,201538222143,"Specialized Hospital - Departments: Gastroenterology, Urology, Dermatology","Zamalek, Cairo, Greater Cairo",24/7 Emergency / 8:00 AM - 6:00 PM Outpatient,30.1339,31.2952,12/5/2025,82,497
Gezira General Hospital,N/A,Cairo,201216866694,"Emergency Medical Center - Departments: Pediatrics, Obstetrics, Anesthesia","Gezira, Cairo, Greater Cairo",24/7 Emergency / 8:00 AM - 6:00 PM Outpatient,30.0855,31.21,12/5/2025,30,357
Heliopolis Surgical Hospital,N/A,Cairo,201127877515,"Private Clinic - Departments: ICU, Emergency, Trauma Center","Heliopolis, Cairo, Greater Cairo",8:00 AM - 10:00 PM,30.1346,31.3153,12/5/2025,498,126
Gezira Surgical Hospital,N/A,Cairo,201599333368,"Medical Center - Departments: Cardiology, Emergency Medicine, Oncology","Gezira, Cairo, Greater Cairo",8:00 AM - 8:00 PM,30.0202,31.3319,12/5/2025,476,316
Al-Azhar University Hospital,N/A,Cairo,201597311731,"Teaching Hospital - Departments: Ophthalmology, Dentistry, Pharmacy","Nasr City, Cairo, Greater Cairo",24/7 Emergency / 8:00 AM - 6:00 PM Outpatient,30.0694,31.329,12/5/2025,240,95
Gezira Medical Center,N/A,Cairo,201090847844,"Diagnostic Center - Departments: ICU, Emergency, Trauma Center","Gezira, Cairo, Greater Cairo",9:00 AM - 5:00 PM,30.1339,31.2791,12/5/2025,485,395
Gezira Emergency Medical Center,N/A,Cairo,201536399919,"Medical Center - Departments: Pediatrics, Obstetrics, Anesthesia","Gezira, Cairo, Greater Cairo",8:00 AM - 10:00 PM,30.0661,31.3151,12/5/2025,491,414
Benha Teaching Hospital,N/A,El Qalyubia,201274098729,"Medical Center - Departments: Gastroenterology, Urology, Dermatology","Mahalla, El Qalyubia, Greater Cairo",24/7,30.0424,31.1663,12/5/2025,204,487
Maadi Emergency Medical Center,N/A,Cairo,201111156170,"Diagnostic Center - Departments: Ophthalmology, Dentistry, Pharmacy","Maadi, Cairo, Greater Cairo",8:00 AM - 8:00 PM,30.15,31.2511,12/5/2025,436,199
Benha Diagnostic Center,N/A,El Qalyubia,201594318641,"Specialized Hospital - Departments: Neurology, Psychiatry, ENT","Benha, El Qalyubia, Greater Cairo",9:00 AM - 5:00 PM,30.1583,31.3102,12/5/2025,371,81
Maadi Specialized Hospital,N/A,Cairo,201061971011,"Emergency Medical Center - Departments: Neurology, Psychiatry, ENT","Maadi, Cairo, Greater Cairo",24/7 Emergency / 8:00 AM - 6:00 PM Outpatient,3056,31.3055,12/5/2025,183,91
New Cairo Emergency Medical Center,N/A,Cairo,201140052218,"Specialized Hospital - Departments: Radiology, Pathology, Lab Services","New Cairo, Cairo, Greater Cairo",7:00 AM - 9:00 PM,30.0436,31.3037,12/5/2025,227,365
Rehab Hospital,N/A,Cairo,201249580641,"Surgical Hospital - Departments: Neurology, Psychiatry, ENT","Downtown, Cairo, Greater Cairo",8:00 AM - 8:00 PM,30.0253,31.3111,12/5/2025,187,284
Toukh Medical Center,N/A,El Qalyubia,201292180944,"General Hospital - Departments: Ophthalmology, Dentistry, Pharmacy","Toukh, El Qalyubia, Greater Cairo",8:00 AM - 8:00 PM,30.0951,31.1348,12/5/2025,173,138
Bab El-Sheria Hospital,N/A,El Qalyubia,201651726189,"Diagnostic Center - Departments: Neurology, Psychiatry, ENT","Benha, El Qalyubia, Greater Cairo",8:00 AM - 8:00 PM,30.2152,31.2683,12/5/2025,195,436
Khanka Emergency Medical Center,N/A,El Qalyubia,201673367625,"Diagnostic Center - Departments: Radiology, Pathology, Lab Services","Khanka, El Qalyubia, Greater Cairo",8:00 AM - 8:00 PM,30.0791,31.1151,12/5/2025,359,312
Al Noor Hospital,N/A,Cairo,201559286235,"Diagnostic Center - Departments: Neurology, Psychiatry, ENT","Mohandessin, Cairo, Greater Cairo",8:00 AM - 8:00 PM,30.0885,31.3081,12/5/2025,207,265
Ahmed Maher Teaching Hospital,N/A,Cairo,201639503663,"Emergency Medical Center - Departments: Orthopedics, Surgery, Internal Medicine","El Shorouk, Cairo, Greater Cairo",7:00 AM - 9:00 PM,30.0283,31.3297,12/5/2025,104,259
Rehab Private Clinic,N/A,Giza,201053667910,"Specialized Hospital - Departments: Orthopedics, Surgery, Internal Medicine","Rehab, Giza, Greater Cairo",8:00 AM - 8:00 PM,29.9972,31.1895,12/5/2025,106,231
Heliopolis Private Clinic,N/A,Cairo,201118522060,"Teaching Hospital - Departments: Orthopedics, Surgery, Internal Medicine","Heliopolis, Cairo, Greater Cairo",7:00 AM - 9:00 PM,30.1444,31.3416,12/5/2025,185,346
Mohandessin Emergency Medical Center,N/A,Cairo,201518728041,"Medical Center - Departments: Radiology, Pathology, Lab Services","Mohandessin, Cairo, Greater Cairo",24/7,30.0814,31.2348,12/5/2025,347,177
Cairo University Hospital,N/A,Cairo,201539180070,"Surgical Hospital - Departments: Neurology, Psychiatry, ENT","Heliopolis, Cairo, Greater Cairo",7:00 AM - 9:00 PM,30.1383,31.2094,12/5/2025,258,487
New Cairo Specialized Hospital,N/A,Cairo,201082777875,"Specialized Hospital - Departments: ICU, Emergency, Trauma Center","New Cairo, Cairo, Greater Cairo",9:00 AM - 5:00 PM,30.0149,31.206,12/5/2025,144,443
Khanka Private Clinic,N/A,El Qalyubia,201074133332,"Specialized Hospital - Departments: Ophthalmology, Dentistry, Pharmacy","Khanka, El Qalyubia, Greater Cairo",9:00 AM - 5:00 PM,30.2157,31.2232,12/5/2025,174,154
Ain Shams Hospital,N/A,Giza,201610056591,"Surgical Hospital - Departments: Neurology, Psychiatry, ENT","Helwan, Giza, Greater Cairo",8:00 AM - 8:00 PM,30.0437,31.0786,12/5/2025,148,86
Kasr El Nile Teaching Hospital,N/A,Cairo,201557963529,"Emergency Medical Center - Departments: Ophthalmology, Dentistry, Pharmacy","Kasr El Nile, Cairo, Greater Cairo",8:00 AM - 10:00 PM,3051,31.2487,12/5/2025,92,231
Toukh Teaching Hospital,N/A,El Qalyubia,201534158683,"Teaching Hospital - Departments: Pediatrics, Obstetrics, Anesthesia","Toukh, El Qalyubia, Greater Cairo",24/7,30.1013,31.2135,12/5/2025,330,148
Chest Diseases Hospital,N/A,Cairo,201261222435,"Surgical Hospital - Departments: Gastroenterology, Urology, Dermatology","El Shorouk, Cairo, Greater Cairo",8:00 AM - 10:00 PM,30.0823,31.2062,12/5/2025,228,181
Agouza Private Clinic,N/A,Giza,201584191061,"Private Clinic - Departments: Orthopedics, Surgery, Internal Medicine","Agouza, Giza, Greater Cairo",24/7,30.0481,31.0687,12/5/2025,239,109
Benha Specialized Hospital,N/A,El Qalyubia,201292295734,"Surgical Hospital - Departments: Orthopedics, Surgery, Internal Medicine","Benha, El Qalyubia, Greater Cairo",8:00 AM - 8:00 PM,30.0626,31.21,12/5/2025,190,78
Shubra Hospital,N/A,El Qalyubia,201182434311,"Teaching Hospital - Departments: Pediatrics, Obstetrics, Anesthesia","Benha, El Qalyubia, Greater Cairo",9:00 AM - 5:00 PM,30.1845,31.118,12/5/2025,125,380
Giza Private Clinic,N/A,Giza,201641658000,"Specialized Hospital - Departments: Radiology, Pathology, Lab Services","Giza, Giza, Greater Cairo",8:00 AM - 8:00 PM,30.0444,3125,12/5/2025,226,467
Qalyub Specialized,N/A,El Qalyubia,201285136691,"Medical Center - Departments: Gastroenterology, Urology, Dermatology","Bab El-Sheria, El Qalyubia, Greater Cairo",8:00 AM - 8:00 PM,30.134,31.2922,12/5/2025,71,127
Nasr City Emergency Medical Center,N/A,Cairo,201125888465,"Specialized Hospital - Departments: Cardiology, Emergency Medicine, Oncology","Nasr City, Cairo, Greater Cairo",8:00 AM - 8:00 PM,30.0347,31.2384,12/5/2025,88,138
Maternity Hospital Cairo,N/A,Cairo,201033543200,"Teaching Hospital - Departments: Gastroenterology, Urology, Dermatology","Zamalek, Cairo, Greater Cairo",24/7 Emergency / 8:00 AM - 6:00 PM Outpatient,30.0199,31.2709,12/5/2025,386,172
Agouza Teaching Hospital,N/A,Giza,201072503615,"Private Clinic - Departments: Ophthalmology, Dentistry, Pharmacy","Agouza, Giza, Greater Cairo",24/7 Emergency / 8:00 AM - 6:00 PM Outpatient,30.0771,31.1477,12/5/2025,493,385
Fifth Settlement General Hospital,N/A,Cairo,201623602703,"Private Clinic - Departments: ICU, Emergency, Trauma Center","Fifth Settlement, Cairo, Greater Cairo",8:00 AM - 10:00 PM,30.0793,31.2556,12/5/2025,306,156
Kasr Al Ainy Hospital,N/A,Cairo,201236609845,"Emergency Medical Center - Departments: ICU, Emergency, Trauma Center","Gezira, Cairo, Greater Cairo",8:00 AM - 10:00 PM,30.1133,31.3193,12/5/2025,114,246
Nasr City General Hospital,N/A,Cairo,201633264024,"Emergency Medical Center - Departments: Radiology, Pathology, Lab Services","Nasr City, Cairo, Greater Cairo",9:00 AM - 5:00 PM,30.0361,31.3056,12/5/2025,286,453
Heliopolis Diagnostic Center,N/A,Cairo,201057374133,"Teaching Hospital - Departments: Cardiology, Emergency Medicine, Oncology","Heliopolis, Cairo, Greater Cairo",8:00 AM - 8:00 PM,30.0104,31.2839,12/5/2025,179,470
Maadi Teaching Hospital,N/A,Giza,201137756599,"General Hospital - Departments: Gastroenterology, Urology, Dermatology","Maadi, Giza, Greater Cairo",8:00 AM - 10:00 PM,29.9547,31.0963,12/5/2025,404,223
Downtown Emergency Medical Center,N/A,Cairo,201167860052,"Medical Center - Departments: Ophthalmology, Dentistry, Pharmacy","Downtown, Cairo, Greater Cairo",24/7 Emergency / 8:00 AM - 6:00 PM Outpatient,30.1245,31.2489,12/5/2025,429,356
New Giza Hospital,N/A,Giza,201667548528,"Specialized Hospital - Departments: Radiology, Pathology, Lab Services","October 6th, Giza, Greater Cairo",7:00 AM - 9:00 PM,29.9907,31.01,12/5/2025,464,169
Rehab Surgical Hospital,N/A,Giza,201111694232,"Diagnostic Center - Departments: Radiology, Pathology, Lab Services","Rehab, Giza, Greater Cairo",9:00 AM - 5:00 PM,29.9854,31.1152,12/5/2025,73,100
Misr International Hospital,N/A,Cairo,201632687168,"Specialized Hospital - Departments: ICU, Emergency, Trauma Center","Maadi, Cairo, Greater Cairo",8:00 AM - 8:00 PM,30.1474,31.2801,12/5/2025,330,410
Toukh Emergency Medical Center,N/A,El Qalyubia,201274394329,"Diagnostic Center - Departments: Orthopedics, Surgery, Internal Medicine","Toukh, El Qalyubia, Greater Cairo",24/7 Emergency / 8:00 AM - 6:00 PM Outpatient,30.2127,31.3432,12/5/2025,140,489
Zamalek Emergency Medical Center,N/A,Cairo,201033189724,"Specialized Hospital - Departments: Pediatrics, Obstetrics, Anesthesia","Zamalek, Cairo, Greater Cairo",8:00 AM - 8:00 PM,30.0351,31.3104,12/5/2025,192,408
Kasr El Nile Specialized Hospital,N/A,Cairo,201256672371,"Private Clinic - Departments: Pediatrics, Obstetrics, Anesthesia","Kasr El Nile, Cairo, Greater Cairo",8:00 AM - 10:00 PM,30.0486,31.2441,12/5/2025,263,422
October 6th Medical Center,N/A,Giza,201024398604,"General Hospital - Departments: Cardiology, Emergency Medicine, Oncology","October 6th, Giza, Greater Cairo",24/7,29.9967,31.1685,12/5/2025,33,445
Fifth Settlement Medical Center,N/A,Cairo,201529775139,"Specialized Hospital - Departments: Pediatrics, Obstetrics, Anesthesia","Fifth Settlement, Cairo, Greater Cairo",24/7,30.0571,31.2366,12/5/2025,489,444
Zamalek Surgical Hospital,N/A,Giza,201511179571,"Diagnostic Center - Departments: Ophthalmology, Dentistry, Pharmacy","Zamalek, Giza, Greater Cairo",24/7 Emergency / 8:00 AM - 6:00 PM Outpatient,30.0404,31.0201,12/5/2025,298,80
Giza Specialized Hospital,N/A,Giza,201274524421,"Surgical Hospital - Departments: Cardiology, Emergency Medicine, Oncology","Giza, Giza, Greater Cairo",8:00 AM - 10:00 PM,3027,31.0675,12/5/2025,199,105
Helwan Teaching Hospital,N/A,Giza,201254558992,"General Hospital - Departments: Gastroenterology, Urology, Dermatology","Helwan, Giza, Greater Cairo",8:00 AM - 8:00 PM,29.9997,31.0228,12/5/2025,223,249
New Giza Surgical Hospital,N/A,Giza,201250959015,"Teaching Hospital - Departments: Cardiology, Emergency Medicine, Oncology","New Giza, Giza, Greater Cairo",24/7 Emergency / 8:00 AM - 6:00 PM Outpatient,30.0841,31.1703,12/5/2025,73,479
Khanka Diagnostic Center,N/A,El Qalyubia,201050515480,"Private Clinic - Departments: Gastroenterology, Urology, Dermatology","Khanka, El Qalyubia, Greater Cairo",24/7,30.1221,31.2996,12/5/2025,128,479
Military Hospital,N/A,Cairo,201052247129,"Specialized Hospital - Departments: Orthopedics, Surgery, Internal Medicine","Maadi, Cairo, Greater Cairo",7:00 AM - 9:00 PM,30.0784,31.3056,12/5/2025,129,288
New Giza Teaching Hospital,N/A,Giza,201071300280,"Private Clinic - Departments: ICU, Emergency, Trauma Center","New Giza, Giza, Greater Cairo",7:00 AM - 9:00 PM,30.0109,31.1893,12/5/2025,160,453
Faculty of Medicine Giza Hospital,N/A,Giza,201060812712,"Medical Center - Departments: Cardiology, Emergency Medicine, Oncology","Dokki, Giza, Greater Cairo",8:00 AM - 10:00 PM,30.047,31.1246,12/5/2025,113,242
Qalyub Medical Center,N/A,El Qalyubia,201075702574,"General Hospital - Departments: Orthopedics, Surgery, Internal Medicine","Qalyub, El Qalyubia, Greater Cairo",24/7 Emergency / 8:00 AM - 6:00 PM Outpatient,30.2044,31.3465,12/5/2025,482,253
Heliopolis General Hospital,N/A,Cairo,201017359102,"Emergency Medical Center - Departments: Gastroenterology, Urology, Dermatology","Heliopolis, Cairo, Greater Cairo",24/7,30.0558,31.3075,12/5/2025,256,458
Agouza Surgical Hospital,N/A,Giza,201112953904,"Specialized Hospital - Departments: Orthopedics, Surgery, Internal Medicine","Agouza, Giza, Greater Cairo",8:00 AM - 10:00 PM,30.0736,31.1681,12/5/2025,316,291
Mahalla Specialized Hospital,N/A,El Qalyubia,201234225791,"Specialized Hospital - Departments: Orthopedics, Surgery, Internal Medicine","Mahalla, El Qalyubia, Greater Cairo",8:00 AM - 10:00 PM,30.0987,31.2146,12/5/2025,487,347
Abbassia Chest Hospital,N/A,Cairo,201619733918,"Medical Center - Departments: Radiology, Pathology, Lab Services","Kasr El Nile, Cairo, Greater Cairo",9:00 AM - 5:00 PM,30.0628,31.3072,12/5/2025,373,89
Bab El-Sheria Diagnostic Center,N/A,El Qalyubia,201696267242,"Specialized Hospital - Departments: Neurology, Psychiatry, ENT","Bab El-Sheria, El Qalyubia, Greater Cairo",7:00 AM - 9:00 PM,30.243,31.3365,12/5/2025,465,386
Nasr City Medical Center,N/A,Cairo,201654872068,"Specialized Hospital - Departments: Gastroenterology, Urology, Dermatology","Nasr City, Cairo, Greater Cairo",7:00 AM - 9:00 PM,30.0761,31.2222,12/5/2025,48,107
El Shorouk Specialized Hospital,N/A,Cairo,201212646564,"Medical Center - Departments: Orthopedics, Surgery, Internal Medicine","El Shorouk, Cairo, Greater Cairo",24/7 Emergency / 8:00 AM - 6:00 PM Outpatient,30.1489,31.3158,12/5/2025,482,263
Garden City Surgical Hospital,N/A,Cairo,201055017793,"General Hospital - Departments: Cardiology, Emergency Medicine, Oncology","Garden City, Cairo, Greater Cairo",9:00 AM - 5:00 PM,30.0296,31.2928,12/5/2025,169,402
Fifth Settlement Private Clinic,N/A,Cairo,201539405135,"Emergency Medical Center - Departments: Pediatrics, Obstetrics, Anesthesia","Fifth Settlement, Cairo, Greater Cairo",8:00 AM - 10:00 PM,30.1154,31.3338,12/5/2025,461,249
Mahalla Hospital,N/A,El Qalyubia,201687077408,"Medical Center - Departments: Ophthalmology, Dentistry, Pharmacy","Khanka, El Qalyubia, Greater Cairo",8:00 AM - 8:00 PM,3044,31.2631,12/5/2025,155,341
Rehab Teaching Hospital,N/A,Giza,201617537444,"Diagnostic Center - Departments: Cardiology, Emergency Medicine, Oncology","Rehab, Giza, Greater Cairo",8:00 AM - 8:00 PM,30.0875,31.1774,12/5/2025,334,208
Qalyubia General Hospital,N/A,El Qalyubia,201175443589,"Medical Center - Departments: ICU, Emergency, Trauma Center","Khanka, El Qalyubia, Greater Cairo",8:00 AM - 10:00 PM,30.2396,31.2819,12/5/2025,192,339
Garden City General Hospital,N/A,Cairo,201174013058,"Teaching Hospital - Departments: Radiology, Pathology, Lab Services","Garden City, Cairo, Greater Cairo",9:00 AM - 5:00 PM,3013,31.2509,12/5/2025,408,302
Qalyubia Medical Center,N/A,El Qalyubia,201167757433,"Medical Center - Departments: Cardiology, Emergency Medicine, Oncology","Mahalla, El Qalyubia, Greater Cairo",24/7,30.1726,31.2053,12/5/2025,428,188
Garden City Teaching Hospital,N/A,Cairo,201126205932,"Teaching Hospital - Departments: Orthopedics, Surgery, Internal Medicine","Garden City, Cairo, Greater Cairo",24/7 Emergency / 8:00 AM - 6:00 PM Outpatient,30.0583,31.3276,12/5/2025,61,349
New Giza Medical Center,N/A,Giza,201154546968,"Diagnostic Center - Departments: Ophthalmology, Dentistry, Pharmacy","New Giza, Giza, Greater Cairo",9:00 AM - 5:00 PM,30.0597,31.175,12/5/2025,258,314
Benha Medical Center,N/A,El Qalyubia,201233682839,"Diagnostic Center - Departments: Cardiology, Emergency Medicine, Oncology","Benha, El Qalyubia, Greater Cairo",8:00 AM - 10:00 PM,30.1671,31.2151,12/5/2025,77,331
Heliopolis Teaching Hospital,N/A,Cairo,201154457760,"Specialized Hospital - Departments: Orthopedics, Surgery, Internal Medicine","Heliopolis, Cairo, Greater Cairo",24/7 Emergency / 8:00 AM - 6:00 PM Outpatient,30.0888,31.2129,12/5/2025,239,412
Benha Private Clinic,N/A,El Qalyubia,201690934185,"Specialized Hospital - Departments: ICU, Emergency, Trauma Center","Benha, El Qalyubia, Greater Cairo",24/7,30.2861,31.2706,12/5/2025,250,261
Sheikh Zayed Medical Center,N/A,Giza,201279703339,"General Hospital - Departments: Ophthalmology, Dentistry, Pharmacy","Sheikh Zayed, Giza, Greater Cairo",24/7,30.0849,31.1159,12/5/2025,208,58
Khanka Teaching Hospital,N/A,El Qalyubia,201167069088,"Emergency Medical Center - Departments: Orthopedics, Surgery, Internal Medicine","Khanka, El Qalyubia, Greater Cairo",9:00 AM - 5:00 PM,30.0548,31.2408,12/5/2025,215,145
Gezira Private Clinic,N/A,Cairo,201251849414,"Specialized Hospital - Departments: Cardiology, Emergency Medicine, Oncology","Gezira, Cairo, Greater Cairo",24/7,30.0796,31.27,12/5/2025,363,180
Benha Emergency Medical Center,N/A,El Qalyubia,201075370785,"General Hospital - Departments: Cardiology, Emergency Medicine, Oncology","Benha, El Qalyubia, Greater Cairo",8:00 AM - 8:00 PM,30.2448,31.1921,12/5/2025,254,154
Toukh Specialized Hospital,N/A,El Qalyubia,201680905799,"Diagnostic Center - Departments: Neurology, Psychiatry, ENT","Toukh, El Qalyubia, Greater Cairo",24/7 Emergency / 8:00 AM - 6:00 PM Outpatient,30.1925,31.224,12/5/2025,472,281
Maadi General Hospital,N/A,Giza,201591456211,"General Hospital - Departments: Ophthalmology, Dentistry, Pharmacy","Maadi, Giza, Greater Cairo",8:00 AM - 10:00 PM,30.0641,31.1476,12/5/2025,364,149
Giza Diagnostic Center,N/A,Giza,201681323693,"Diagnostic Center - Departments: Ophthalmology, Dentistry, Pharmacy","Giza, Giza, Greater Cairo",8:00 AM - 10:00 PM,29.9995,31.1163,12/5/2025,36,469
New Cairo Diagnostic Center,N/A,Cairo,201164095208,"General Hospital - Departments: Neurology, Psychiatry, ENT","New Cairo, Cairo, Greater Cairo",8:00 AM - 8:00 PM,30.1311,31.2196,12/5/2025,56,306
Maadi Surgical Hospital,N/A,Giza,201690899341,"General Hospital - Departments: Pediatrics, Obstetrics, Anesthesia","Maadi, Giza, Greater Cairo",8:00 AM - 10:00 PM,30.0182,31.0686,12/5/2025,439,388
Fayoum General Hospital,N/A,Giza,201623642912,"Medical Center - Departments: Neurology, Psychiatry, ENT","New Giza, Giza, Greater Cairo",24/7 Emergency / 8:00 AM - 6:00 PM Outpatient,30.0906,31.1642,12/5/2025,262,235
Dar Al Fouad Hospital,N/A,Cairo,201041198769,"Emergency Medical Center - Departments: Gastroenterology, Urology, Dermatology","New Cairo, Cairo, Greater Cairo",24/7,30.0903,31.3008,12/5/2025,96,155
Dokki Surgical Hospital,N/A,Giza,201174460163,"Teaching Hospital - Departments: Neurology, Psychiatry, ENT","Dokki, Giza, Greater Cairo",9:00 AM - 5:00 PM,30.0714,31.1481,12/5/2025,314,421
Qalyub Teaching Hospital,N/A,El Qalyubia,201658575914,"General Hospital - Departments: Gastroenterology, Urology, Dermatology","Qalyub, El Qalyubia, Greater Cairo",8:00 AM - 8:00 PM,30.1776,31.1704,12/5/2025,22,216
Bab El-Sheria Teaching Hospital,N/A,El Qalyubia,201243589210,"Specialized Hospital - Departments: Pediatrics, Obstetrics, Anesthesia","Bab El-Sheria, El Qalyubia, Greater Cairo",24/7,30.0385,31.3243,12/5/2025,159,496
Qalyub Private Clinic,N/A,El Qalyubia,201247094163,"Private Clinic - Departments: ICU, Emergency, Trauma Center","Qalyub, El Qalyubia, Greater Cairo",24/7,30.2685,31.2545,12/5/2025,333,178
Agouza Diagnostic Center,N/A,Giza,201526057041,"Teaching Hospital - Departments: ICU, Emergency, Trauma Center","Agouza, Giza, Greater Cairo",8:00 AM - 8:00 PM,29.9583,31.1112,12/5/2025,250,387
Garden City Medical Center,N/A,Cairo,201669860303,"Medical Center - Departments: Orthopedics, Surgery, Internal Medicine","Garden City, Cairo, Greater Cairo",7:00 AM - 9:00 PM,30.0258,31.2039,12/5/2025,495,446
Rehab General Hospital,N/A,Giza,201590031299,"Surgical Hospital - Departments: Neurology, Psychiatry, ENT","Rehab, Giza, Greater Cairo",24/7 Emergency / 8:00 AM - 6:00 PM Outpatient,29.9719,31.0392,12/5/2025,97,81
October 6th Emergency Medical Center,N/A,Giza,201290374860,"General Hospital - Departments: Gastroenterology, Urology, Dermatology","October 6th, Giza, Greater Cairo",8:00 AM - 8:00 PM,29.9692,31.0375,12/5/2025,25,337
Mohandessin Private Clinic,N/A,Cairo,201220692440,"Specialized Hospital - Departments: Gastroenterology, Urology, Dermatology","Mohandessin, Cairo, Greater Cairo",24/7 Emergency / 8:00 AM - 6:00 PM Outpatient,30.1209,31.3152,12/5/2025,291,313
Rehab Emergency Medical Center,N/A,Giza,201051093030,"Diagnostic Center - Departments: ICU, Emergency, Trauma Center","Rehab, Giza, Greater Cairo",7:00 AM - 9:00 PM,30.0277,31.0115,12/5/2025,169,153
Mohandessin Teaching Hospital,N/A,Cairo,201270657474,"Private Clinic - Departments: Pediatrics, Obstetrics, Anesthesia","Mohandessin, Cairo, Greater Cairo",24/7 Emergency / 8:00 AM - 6:00 PM Outpatient,3064,31.2541,12/5/2025,39,340
Benha Surgical Hospital,N/A,El Qalyubia,201523531115,"Emergency Medical Center - Departments: ICU, Emergency, Trauma Center","Benha, El Qalyubia, Greater Cairo",9:00 AM - 5:00 PM,30.053,31.1259,12/5/2025,75,138
Agouza General Hospital,N/A,Giza,201190728164,"Specialized Hospital - Departments: Radiology, Pathology, Lab Services","Agouza, Giza, Greater Cairo",24/7,29.9956,3105,12/5/2025,164,202
Heliopolis Medical Center,N/A,Cairo,201230173722,"Surgical Hospital - Departments: Orthopedics, Surgery, Internal Medicine","Heliopolis, Cairo, Greater Cairo",7:00 AM - 9:00 PM,30.013,31.3366,12/5/2025,453,492
Downtown Diagnostic Center,N/A,Cairo,201180123702,"Medical Center - Departments: ICU, Emergency, Trauma Center","Downtown, Cairo, Greater Cairo",9:00 AM - 5:00 PM,30.1348,31.2576,12/5/2025,59,90
October 6th Teaching Hospital,N/A,Giza,201142529192,"Private Clinic - Departments: Radiology, Pathology, Lab Services","October 6th, Giza, Greater Cairo",8:00 AM - 10:00 PM,30.0476,31.0252,12/5/2025,329,141
Giza Emergency Medical Center,N/A,Giza,201229810481,"Emergency Medical Center - Departments: Gastroenterology, Urology, Dermatology","Giza, Giza, Greater Cairo",9:00 AM - 5:00 PM,30.0703,31.1315,12/5/2025,437,213
Qalyub Diagnostic Center,N/A,El Qalyubia,201041953758,"Private Clinic - Departments: Radiology, Pathology, Lab Services","Qalyub, El Qalyubia, Greater Cairo",8:00 AM - 8:00 PM,30.0274,31.1875,12/5/2025,498,161
Kasr El Nile General Hospital,N/A,Cairo,201554414603,"Medical Center - Departments: Radiology, Pathology, Lab Services","Kasr El Nile, Cairo, Greater Cairo",9:00 AM - 5:00 PM,30.0825,31.2222,12/5/2025,412,211
New Cairo Medical Center,N/A,Cairo,201086064010,"Emergency Medical Center - Departments: Radiology, Pathology, Lab Services","New Cairo, Cairo, Greater Cairo",9:00 AM - 5:00 PM,30.0262,31.2287,12/5/2025,435,274
Al Mansoura Hospital,N/A,El Qalyubia,201298424453,"Surgical Hospital - Departments: Cardiology, Emergency Medicine, Oncology","Bab El-Sheria, El Qalyubia, Greater Cairo",9:00 AM - 5:00 PM,30.1929,31.1474,12/5/2025,288,481
Agouza Specialized Hospital,N/A,Giza,201072825421,"Emergency Medical Center - Departments: Orthopedics, Surgery, Internal Medicine","Agouza, Giza, Greater Cairo",8:00 AM - 10:00 PM,29.9668,31.1565,12/5/2025,360,66
Oncology Hospital,N/A,Cairo,201277623388,"Emergency Medical Center - Departments: Radiology, Pathology, Lab Services","Kasr El Nile, Cairo, Greater Cairo",24/7,30.0419,31.2515,12/5/2025,198,449
Qalyub Specialized Hospital,N/A,El Qalyubia,201222870939,"General Hospital - Departments: ICU, Emergency, Trauma Center","Qalyub, El Qalyubia, Greater Cairo",24/7,30.0628,31.2044,12/5/2025,109,436
New Giza Private Clinic,N/A,Giza,201274674771,"Medical Center - Departments: Cardiology, Emergency Medicine, Oncology","New Giza, Giza, Greater Cairo",9:00 AM - 5:00 PM,29.9865,31.0149,12/5/2025,250,266
El Shorouk Private Clinic,N/A,Cairo,201668698603,"Diagnostic Center - Departments: Radiology, Pathology, Lab Services","El Shorouk, Cairo, Greater Cairo",24/7 Emergency / 8:00 AM - 6:00 PM Outpatient,30.1296,31.2999,12/5/2025,192,343
National Heart Institute,N/A,Cairo,201551464764,"Specialized Hospital - Departments: Pediatrics, Obstetrics, Anesthesia","Heliopolis, Cairo, Greater Cairo",24/7 Emergency / 8:00 AM - 6:00 PM Outpatient,3036,31.2552,12/5/2025,77,405
El Shorouk Teaching Hospital,N/A,Cairo,201154999219,"Medical Center - Departments: Gastroenterology, Urology, Dermatology","El Shorouk, Cairo, Greater Cairo",9:00 AM - 5:00 PM,30.0393,31.222,12/5/2025,230,89
Garden City Emergency Medical Center,N/A,Cairo,201268384414,"Emergency Medical Center - Departments: Gastroenterology, Urology, Dermatology","Garden City, Cairo, Greater Cairo",8:00 AM - 10:00 PM,30.0317,31.2102,12/5/2025,113,478
Benha General Hospital,N/A,El Qalyubia,201177319460,"Specialized Hospital - Departments: Ophthalmology, Dentistry, Pharmacy","Benha, El Qalyubia, Greater Cairo",9:00 AM - 5:00 PM,30.2823,31.1793,12/5/2025,74,87
Khanka Surgical Hospital,N/A,El Qalyubia,201581767914,"Private Clinic - Departments: ICU, Emergency, Trauma Center","Khanka, El Qalyubia, Greater Cairo",8:00 AM - 8:00 PM,30.1307,31.1562,12/5/2025,322,146
Helwan Medical Center,N/A,Giza,201619884864,"Teaching Hospital - Departments: ICU, Emergency, Trauma Center","Helwan, Giza, Greater Cairo",8:00 AM - 10:00 PM,30.07,31.0392,12/5/2025,469,476
Dokki Specialized Hospital,N/A,Giza,201614911053,"Surgical Hospital - Departments: Neurology, Psychiatry, ENT","Dokki, Giza, Greater Cairo",7:00 AM - 9:00 PM,30.0316,31.1522,12/5/2025,28,63
Tanta General Hospital,N/A,El Qalyubia,201248594295,"Teaching Hospital - Departments: Radiology, Pathology, Lab Services","Mahalla, El Qalyubia, Greater Cairo",7:00 AM - 9:00 PM,30.2503,31.1286,12/5/2025,183,202
Mohandessin Surgical Hospital,N/A,Cairo,201681578143,"Diagnostic Center - Departments: Orthopedics, Surgery, Internal Medicine","Mohandessin, Cairo, Greater Cairo",24/7,30.1417,31.2593,12/5/2025,35,290
Dokki Private Clinic,N/A,Giza,201175990575,"Private Clinic - Departments: Pediatrics, Obstetrics, Anesthesia","Dokki, Giza, Greater Cairo",8:00 AM - 8:00 PM,3072,31.1097,12/5/2025,386,407
Downtown Medical Center,N/A,Cairo,201067520672,"Medical Center - Departments: Pediatrics, Obstetrics, Anesthesia","Downtown, Cairo, Greater Cairo",24/7,30.058,31.3133,12/5/2025,398,172
Maadi Hospital,N/A,Giza,201074258569,"Emergency Medical Center - Departments: Neurology, Psychiatry, ENT","Dokki, Giza, Greater Cairo",8:00 AM - 10:00 PM,30.0626,31.114,12/5/2025,267,213
Shubra Specialized Hospital,N/A,El Qalyubia,201616883921,"General Hospital - Departments: Orthopedics, Surgery, Internal Medicine","Shubra, El Qalyubia, Greater Cairo",24/7 Emergency / 8:00 AM - 6:00 PM Outpatient,30.137,31.3396,12/5/2025,46,222
Qalyub General Hospital,N/A,El Qalyubia,201122450685,"Specialized Hospital - Departments: Pediatrics, Obstetrics, Anesthesia","Qalyub, El Qalyubia, Greater Cairo",24/7,30.2176,31.23,12/5/2025,230,452
Shubra Teaching Hospital,N/A,El Qalyubia,201055090269,"Surgical Hospital - Departments: Cardiology, Emergency Medicine, Oncology","Shubra, El Qalyubia, Greater Cairo",9:00 AM - 5:00 PM,30.0429,31.2081,12/5/2025,254,422
Maadi Diagnostic Center,N/A,Cairo,201649918189,"Specialized Hospital - Departments: Orthopedics, Surgery, Internal Medicine","Maadi, Cairo, Greater Cairo",24/7,30.0521,31.2186,12/5/2025,444,80
Khanka Medical Center,N/A,El Qalyubia,201693289669,"Surgical Hospital - Departments: Neurology, Psychiatry, ENT","Khanka, El Qalyubia, Greater Cairo",24/7,30.2014,31.2779,12/5/2025,357,161
Shubra Medical Center,N/A,El Qalyubia,201268208298,"General Hospital - Departments: Pediatrics, Obstetrics, Anesthesia","Shubra, El Qalyubia, Greater Cairo",24/7 Emergency / 8:00 AM - 6:00 PM Outpatient,30.2037,31.2299,12/5/2025,138,395
National Liver Institute,N/A,Cairo,201035411345,"Diagnostic Center - Departments: Neurology, Psychiatry, ENT","El Shorouk, Cairo, Greater Cairo",24/7,306,31.325,12/5/2025,79,152
Mohandessin Diagnostic Center,N/A,Cairo,201180052635,"Teaching Hospital - Departments: Radiology, Pathology, Lab Services","Mohandessin, Cairo, Greater Cairo",24/7 Emergency / 8:00 AM - 6:00 PM Outpatient,30.0751,31.2045,12/5/2025,371,239
Khanka Hospital,N/A,El Qalyubia,201096629379,"General Hospital - Departments: Ophthalmology, Dentistry, Pharmacy","Bab El-Sheria, El Qalyubia, Greater Cairo",24/7 Emergency / 8:00 AM - 6:00 PM Outpatient,30.0923,31.3358,12/5/2025,464,89
Manial University Hospital,N/A,Cairo,201053697892,"Specialized Hospital - Departments: ICU, Emergency, Trauma Center","Fifth Settlement, Cairo, Greater Cairo",24/7 Emergency / 8:00 AM - 6:00 PM Outpatient,30.0224,31.2189,12/5/2025,165,143
Zamalek Specialized Hospital,N/A,Giza,201691223365,"Diagnostic Center - Departments: Radiology, Pathology, Lab Services","Zamalek, Giza, Greater Cairo",8:00 AM - 10:00 PM,29.983,3186,12/5/2025,131,459
Helwan Specialized Hospital,N/A,Giza,201148744440,"Teaching Hospital - Departments: Neurology, Psychiatry, ENT","Helwan, Giza, Greater Cairo",9:00 AM - 5:00 PM,29.951,31.1042,12/5/2025,170,237
Zamalek Diagnostic Center,N/A,Giza,201531551358,"Surgical Hospital - Departments: Ophthalmology, Dentistry, Pharmacy","Zamalek, Giza, Greater Cairo",24/7,29.9732,31.0671,12/5/2025,30,196
Gezira Diagnostic Center,N/A,Cairo,201610089204,"Surgical Hospital - Departments: Orthopedics, Surgery, Internal Medicine","Gezira, Cairo, Greater Cairo",8:00 AM - 10:00 PM,30.0417,31.3473,12/5/2025,38,87
El Shorouk Surgical Hospital,N/A,Cairo,201671313529,"Medical Center - Departments: Pediatrics, Obstetrics, Anesthesia","El Shorouk, Cairo, Greater Cairo",24/7 Emergency / 8:00 AM - 6:00 PM Outpatient,30.0957,31.2641,12/5/2025,452,412
Mahalla Surgical Hospital,N/A,El Qalyubia,201540905240,"Teaching Hospital - Departments: Gastroenterology, Urology, Dermatology","Mahalla, El Qalyubia, Greater Cairo",8:00 AM - 8:00 PM,30.1031,31.1578,12/5/2025,381,457
Sheikh Zayed Hospital,N/A,Giza,201158027151,"Medical Center - Departments: Ophthalmology, Dentistry, Pharmacy","Rehab, Giza, Greater Cairo",24/7,29.9803,31.0602,12/5/2025,58,146
New Giza Emergency Medical Center,N/A,Giza,201179706992,"General Hospital - Departments: Neurology, Psychiatry, ENT","New Giza, Giza, Greater Cairo",24/7 Emergency / 8:00 AM - 6:00 PM Outpatient,29.9507,31.0263,12/5/2025,245,222
Zamalek Teaching Hospital,N/A,Giza,201078743303,"Private Clinic - Departments: Neurology, Psychiatry, ENT","Zamalek, Giza, Greater Cairo",24/7 Emergency / 8:00 AM - 6:00 PM Outpatient,29.9797,31.1853,12/5/2025,63,484
Kasr El Nile Diagnostic Center,N/A,Cairo,201612183849,"Diagnostic Center - Departments: ICU, Emergency, Trauma Center","Kasr El Nile, Cairo, Greater Cairo",24/7 Emergency / 8:00 AM - 6:00 PM Outpatient,30.1214,31.2491,12/5/2025,316,81
Kasr El Nile Medical Center,N/A,Cairo,201296315221,"Specialized Hospital - Departments: Gastroenterology, Urology, Dermatology","Kasr El Nile, Cairo, Greater Cairo",24/7 Emergency / 8:00 AM - 6:00 PM Outpatient,30.1313,31.2163,12/5/2025,417,480
Rehab Specialized Hospital,N/A,Giza,201582675798,"Emergency Medical Center - Departments: Ophthalmology, Dentistry, Pharmacy","Rehab, Giza, Greater Cairo",24/7 Emergency / 8:00 AM - 6:00 PM Outpatient,30.0308,31.0316,12/5/2025,403,452
Gezira Specialized Hospital,N/A,Cairo,201673670683,"Specialized Hospital - Departments: Cardiology, Emergency Medicine, Oncology","Gezira, Cairo, Greater Cairo",24/7,30.0971,31.3267,12/5/2025,33,217
El Shorouk Diagnostic Center,N/A,Cairo,201148436853,"Diagnostic Center - Departments: ICU, Emergency, Trauma Center","El Shorouk, Cairo, Greater Cairo",24/7 Emergency / 8:00 AM - 6:00 PM Outpatient,30.0972,31.2411,12/5/2025,388,174
Dokki Teaching Hospital,N/A,Giza,201025414648,"Teaching Hospital - Departments: Pediatrics, Obstetrics, Anesthesia","Dokki, Giza, Greater Cairo",7:00 AM - 9:00 PM,30.0794,31.1876,12/5/2025,494,70
Dokki Medical Center,N/A,Giza,201653583530,"Specialized Hospital - Departments: Cardiology, Emergency Medicine, Oncology","Giza, Giza, Greater Cairo",9:00 AM - 5:00 PM,29.9719,31.1207,12/5/2025,235,205
Dokki General Hospital,N/A,Giza,201599537463,"Private Clinic - Departments: Gastroenterology, Urology, Dermatology","Dokki, Giza, Greater Cairo",24/7 Emergency / 8:00 AM - 6:00 PM Outpatient,29.9785,31.1218,12/5/2025,82,86
Nasr City Surgical Hospital,N/A,Cairo,201186560003,"Emergency Medical Center - Departments: Cardiology, Emergency Medicine, Oncology","Nasr City, Cairo, Greater Cairo",8:00 AM - 8:00 PM,30.1006,31.2136,12/5/2025,300,348
Agouza Medical Center,N/A,Giza,201627464738,"Medical Center - Departments: ICU, Emergency, Trauma Center","Agouza, Giza, Greater Cairo",24/7 Emergency / 8:00 AM - 6:00 PM Outpatient,3097,31.1602,12/5/2025,30,426
New Cairo Surgical Hospital,N/A,Cairo,201240884553,"Emergency Medical Center - Departments: Cardiology, Emergency Medicine, Oncology","New Cairo, Cairo, Greater Cairo",8:00 AM - 10:00 PM,30.1334,31.2476,12/5/2025,203,245
Helwan Surgical Hospital,N/A,Giza,201191936783,"Teaching Hospital - Departments: Orthopedics, Surgery, Internal Medicine","Helwan, Giza, Greater Cairo",24/7 Emergency / 8:00 AM - 6:00 PM Outpatient,30.0481,31.102,12/5/2025,256,441
October 6th Diagnostic Center,N/A,Giza,201549738392,"Teaching Hospital - Departments: Pediatrics, Obstetrics, Anesthesia","October 6th, Giza, Greater Cairo",8:00 AM - 8:00 PM,29.9786,3162,12/5/2025,278,481
New Cairo Private Clinic,N/A,Cairo,201529020132,"Emergency Medical Center - Departments: Cardiology, Emergency Medicine, Oncology","New Cairo, Cairo, Greater Cairo",9:00 AM - 5:00 PM,30.1258,31.2699,12/5/2025,404,320
October 6th Private Clinic,N/A,Giza,201515371033,"Surgical Hospital - Departments: ICU, Emergency, Trauma Center","October 6th, Giza, Greater Cairo",24/7 Emergency / 8:00 AM - 6:00 PM Outpatient,29.9572,31.0853,12/5/2025,219,271
Garden City Private Clinic,N/A,Cairo,201117138362,"General Hospital - Departments: Ophthalmology, Dentistry, Pharmacy","Garden City, Cairo, Greater Cairo",7:00 AM - 9:00 PM,30.0489,31.2647,12/5/2025,270,305
Nasr City Teaching Hospital,N/A,Cairo,201168733573,"Medical Center - Departments: ICU, Emergency, Trauma Center","Nasr City, Cairo, Greater Cairo",24/7 Emergency / 8:00 AM - 6:00 PM Outpatient,30.1241,31.2398,12/5/2025,309,397
New Giza Specialized Hospital,N/A,Giza,201192713224,"Emergency Medical Center - Departments: Radiology, Pathology, Lab Services","New Giza, Giza, Greater Cairo",9:00 AM - 5:00 PM,30.0808,31.0308,12/5/2025,487,464
New Cairo General Hospital,N/A,Cairo,201233081563,"Surgical Hospital - Departments: ICU, Emergency, Trauma Center","New Cairo, Cairo, Greater Cairo",24/7,30.0999,31.3392,12/5/2025,178,422
Khanka Specialized Hospital,N/A,El Qalyubia,201658626502,"Diagnostic Center - Departments: Gastroenterology, Urology, Dermatology","Khanka, El Qalyubia, Greater Cairo",8:00 AM - 8:00 PM,30.1762,31.2871,12/5/2025,339,453
Qalyub Emergency Medical Center,N/A,El Qalyubia,201529666025,"General Hospital - Departments: Gastroenterology, Urology, Dermatology","Qalyub, El Qalyubia, Greater Cairo",9:00 AM - 5:00 PM,30.0945,31.2054,12/5/2025,195,82
Shubra Private Clinic,N/A,El Qalyubia,201642434488,"Private Clinic - Departments: Pediatrics, Obstetrics, Anesthesia","Shubra, El Qalyubia, Greater Cairo",7:00 AM - 9:00 PM,30.0558,31.1587,12/5/2025,128,216
Downtown Teaching Hospital,N/A,Cairo,201072846978,"Teaching Hospital - Departments: ICU, Emergency, Trauma Center","Downtown, Cairo, Greater Cairo",8:00 AM - 10:00 PM,30.0264,31.2206,12/5/2025,155,254
Bab El-Sheria Specialized Hospital,N/A,El Qalyubia,201219669993,"Specialized Hospital - Departments: Ophthalmology, Dentistry, Pharmacy","Bab El-Sheria, El Qalyubia, Greater Cairo",7:00 AM - 9:00 PM,30.2059,31.2569,12/5/2025,116,336
Heliopolis Specialized Hospital,N/A,Cairo,201651392381,"Emergency Medical Center - Departments: Orthopedics, Surgery, Internal Medicine","Heliopolis, Cairo, Greater Cairo",7:00 AM - 9:00 PM,30.0233,31.2906,12/5/2025,40,413
Shubra General Hospital,N/A,El Qalyubia,201125097361,"General Hospital - Departments: Gastroenterology, Urology, Dermatology","Shubra, El Qalyubia, Greater Cairo",24/7,30.2339,31.1493,12/5/2025,28,328
Helwan Private Clinic,N/A,Giza,201019573769,"Diagnostic Center - Departments: Pediatrics, Obstetrics, Anesthesia","Helwan, Giza, Greater Cairo",9:00 AM - 5:00 PM,30.0675,31.0995,12/5/2025,98,249
Downtown Private Clinic,N/A,Cairo,201693474160,"Private Clinic - Departments: Cardiology, Emergency Medicine, Oncology","Downtown, Cairo, Greater Cairo",7:00 AM - 9:00 PM,30.1281,31.2464,12/5/2025,437,218
El Shorouk Emergency Medical Center,N/A,Cairo,201147587549,"Medical Center - Departments: Radiology, Pathology, Lab Services","El Shorouk, Cairo, Greater Cairo",24/7,30.0523,31.25,12/5/2025,91,312
Toukh Diagnostic Center,N/A,El Qalyubia,201571672534,"Emergency Medical Center - Departments: Neurology, Psychiatry, ENT","Toukh, El Qalyubia, Greater Cairo",24/7 Emergency / 8:00 AM - 6:00 PM Outpatient,30.1432,31.1424,12/5/2025,452,464
Downtown General Hospital,N/A,Cairo,201242392471,"Specialized Hospital - Departments: Orthopedics, Surgery, Internal Medicine","Downtown, Cairo, Greater Cairo",24/7 Emergency / 8:00 AM - 6:00 PM Outpatient,30.0524,31.2116,12/5/2025,338,335
Mahalla General Hospital,N/A,El Qalyubia,201687534700,"Medical Center - Departments: ICU, Emergency, Trauma Center","Mahalla, El Qalyubia, Greater Cairo",24/7 Emergency / 8:00 AM - 6:00 PM Outpatient,30.1355,31.1315,12/5/2025,431,125
Nasr City Specialized Hospital,N/A,Cairo,201026364390,"Diagnostic Center - Departments: Gastroenterology, Urology, Dermatology","Nasr City, Cairo, Greater Cairo",8:00 AM - 10:00 PM,30.0261,31.2214,12/5/2025,376,172
Nasr City Private Clinic,N/A,Cairo,201581598613,"Emergency Medical Center - Departments: Orthopedics, Surgery, Internal Medicine","Nasr City, Cairo, Greater Cairo",8:00 AM - 8:00 PM,30.0516,31.3345,12/5/2025,484,420
Fifth Settlement Emergency Medical Center,N/A,Cairo,201045520154,"Diagnostic Center - Departments: Pediatrics, Obstetrics, Anesthesia","Fifth Settlement, Cairo, Greater Cairo",24/7,30.0552,31.2259,12/5/2025,494,438
Garden City Diagnostic Center,N/A,Cairo,201184211691,"General Hospital - Departments: Ophthalmology, Dentistry, Pharmacy","Garden City, Cairo, Greater Cairo",24/7 Emergency / 8:00 AM - 6:00 PM Outpatient,30.0177,31.2121,12/5/2025,378,377